<?xml version="1.0" encoding="utf-8"?>
<merger version="3"><dataSet config="main$Generated" generated="true"><source path="/home/abs/Downloads/HttpApp 3 2/HttpApp 3 2/app/src/androidTest/res"/><source path="/home/abs/Downloads/HttpApp 3 2/HttpApp 3 2/app/build/generated/res/rs/androidTest/debug"/><source path="/home/abs/Downloads/HttpApp 3 2/HttpApp 3 2/app/build/generated/res/resValues/androidTest/debug"/></dataSet><dataSet config="main" generated-set="main$Generated"><source path="/home/abs/Downloads/HttpApp 3 2/HttpApp 3 2/app/src/androidTest/res"/><source path="/home/abs/Downloads/HttpApp 3 2/HttpApp 3 2/app/build/generated/res/rs/androidTest/debug"/><source path="/home/abs/Downloads/HttpApp 3 2/HttpApp 3 2/app/build/generated/res/resValues/androidTest/debug"/></dataSet><mergedItems/></merger>