[
    {
        "outputFile": "/Users/aishwaryagagadam/Desktop/HttpApp 3/app/build/intermediates/res/merged/debug/values-v22/values-v22.xml",
        "map": [
            {
                "to": {
                    "startLine": 2,
                    "startColumn": 4,
                    "startOffset": 55,
                    "endColumn": 74,
                    "endOffset": 125
                },
                "from": {
                    "file": "/Users/aishwaryagagadam/Desktop/HttpApp 3/app/build/intermediates/exploded-aar/com.android.support/appcompat-v7/23.2.1/res/values-v22/values-v22.xml",
                    "position": {
                        "startLine": 2,
                        "startColumn": 4,
                        "startOffset": 55,
                        "endColumn": 74,
                        "endOffset": 125
                    }
                }
            },
            {
                "to": {
                    "startLine": 3,
                    "startColumn": 4,
                    "startOffset": 130,
                    "endColumn": 86,
                    "endOffset": 212
                },
                "from": {
                    "file": "/Users/aishwaryagagadam/Desktop/HttpApp 3/app/build/intermediates/exploded-aar/com.android.support/appcompat-v7/23.2.1/res/values-v22/values-v22.xml",
                    "position": {
                        "startLine": 3,
                        "startColumn": 4,
                        "startOffset": 130,
                        "endColumn": 86,
                        "endOffset": 212
                    }
                }
            },
            {
                "to": {
                    "startLine": 4,
                    "startColumn": 4,
                    "startOffset": 217,
                    "endLine": 8,
                    "endColumn": 12,
                    "endOffset": 548
                },
                "from": {
                    "file": "/Users/aishwaryagagadam/Desktop/HttpApp 3/app/build/intermediates/exploded-aar/com.android.support/appcompat-v7/23.2.1/res/values-v22/values-v22.xml",
                    "position": {
                        "startLine": 4,
                        "startColumn": 4,
                        "startOffset": 217,
                        "endLine": 8,
                        "endColumn": 12,
                        "endOffset": 548
                    }
                }
            },
            {
                "to": {
                    "startLine": 9,
                    "startColumn": 4,
                    "startOffset": 553,
                    "endLine": 13,
                    "endColumn": 12,
                    "endOffset": 896
                },
                "from": {
                    "file": "/Users/aishwaryagagadam/Desktop/HttpApp 3/app/build/intermediates/exploded-aar/com.android.support/appcompat-v7/23.2.1/res/values-v22/values-v22.xml",
                    "position": {
                        "startLine": 9,
                        "startColumn": 4,
                        "startOffset": 553,
                        "endLine": 13,
                        "endColumn": 12,
                        "endOffset": 896
                    }
                }
            }
        ]
    },
    {
        "outputFile": "/home/abs/Downloads/HttpApp 3 2/HttpApp 3 2/app/build/intermediates/res/merged/debug/values-v22/values-v22.xml",
        "map": [
            {
                "to": {
                    "startLine": 2,
                    "startColumn": 4,
                    "startOffset": 55,
                    "endColumn": 74,
                    "endOffset": 125
                },
                "from": {
                    "file": "/home/abs/Downloads/HttpApp 3 2/HttpApp 3 2/app/build/intermediates/exploded-aar/com.android.support/appcompat-v7/23.2.1/res/values-v22/values-v22.xml",
                    "position": {
                        "startLine": 2,
                        "startColumn": 4,
                        "startOffset": 55,
                        "endColumn": 74,
                        "endOffset": 125
                    }
                }
            },
            {
                "to": {
                    "startLine": 3,
                    "startColumn": 4,
                    "startOffset": 130,
                    "endColumn": 86,
                    "endOffset": 212
                },
                "from": {
                    "file": "/home/abs/Downloads/HttpApp 3 2/HttpApp 3 2/app/build/intermediates/exploded-aar/com.android.support/appcompat-v7/23.2.1/res/values-v22/values-v22.xml",
                    "position": {
                        "startLine": 3,
                        "startColumn": 4,
                        "startOffset": 130,
                        "endColumn": 86,
                        "endOffset": 212
                    }
                }
            },
            {
                "to": {
                    "startLine": 4,
                    "startColumn": 4,
                    "startOffset": 217,
                    "endLine": 8,
                    "endColumn": 12,
                    "endOffset": 548
                },
                "from": {
                    "file": "/home/abs/Downloads/HttpApp 3 2/HttpApp 3 2/app/build/intermediates/exploded-aar/com.android.support/appcompat-v7/23.2.1/res/values-v22/values-v22.xml",
                    "position": {
                        "startLine": 4,
                        "startColumn": 4,
                        "startOffset": 217,
                        "endLine": 8,
                        "endColumn": 12,
                        "endOffset": 548
                    }
                }
            },
            {
                "to": {
                    "startLine": 9,
                    "startColumn": 4,
                    "startOffset": 553,
                    "endLine": 13,
                    "endColumn": 12,
                    "endOffset": 896
                },
                "from": {
                    "file": "/home/abs/Downloads/HttpApp 3 2/HttpApp 3 2/app/build/intermediates/exploded-aar/com.android.support/appcompat-v7/23.2.1/res/values-v22/values-v22.xml",
                    "position": {
                        "startLine": 9,
                        "startColumn": 4,
                        "startOffset": 553,
                        "endLine": 13,
                        "endColumn": 12,
                        "endOffset": 896
                    }
                }
            }
        ]
    },
    {
        "outputFile": "/Users/aishwaryagagadam/Desktop/HttpApp 3/C:\\Users\\ACER\\Desktop\\HttpApp (1)\\HttpApp\\HttpApp\\app\\build\\intermediates\\res\\merged\\debug\\values-v22\\values-v22.xml",
        "map": [
            {
                "to": {
                    "startLine": 2,
                    "startColumn": 4,
                    "startOffset": 55,
                    "endColumn": 74,
                    "endOffset": 125
                },
                "from": {
                    "file": "/Users/aishwaryagagadam/Desktop/HttpApp 3/C:\\Users\\ACER\\Desktop\\HttpApp (1)\\HttpApp\\HttpApp\\app\\build\\intermediates\\exploded-aar\\com.android.support\\appcompat-v7\\23.2.1\\res\\values-v22\\values-v22.xml",
                    "position": {
                        "startLine": 2,
                        "startColumn": 4,
                        "startOffset": 55,
                        "endColumn": 74,
                        "endOffset": 125
                    }
                }
            },
            {
                "to": {
                    "startLine": 3,
                    "startColumn": 4,
                    "startOffset": 130,
                    "endColumn": 86,
                    "endOffset": 212
                },
                "from": {
                    "file": "/Users/aishwaryagagadam/Desktop/HttpApp 3/C:\\Users\\ACER\\Desktop\\HttpApp (1)\\HttpApp\\HttpApp\\app\\build\\intermediates\\exploded-aar\\com.android.support\\appcompat-v7\\23.2.1\\res\\values-v22\\values-v22.xml",
                    "position": {
                        "startLine": 3,
                        "startColumn": 4,
                        "startOffset": 130,
                        "endColumn": 86,
                        "endOffset": 212
                    }
                }
            },
            {
                "to": {
                    "startLine": 4,
                    "startColumn": 4,
                    "startOffset": 217,
                    "endLine": 8,
                    "endColumn": 12,
                    "endOffset": 548
                },
                "from": {
                    "file": "/Users/aishwaryagagadam/Desktop/HttpApp 3/C:\\Users\\ACER\\Desktop\\HttpApp (1)\\HttpApp\\HttpApp\\app\\build\\intermediates\\exploded-aar\\com.android.support\\appcompat-v7\\23.2.1\\res\\values-v22\\values-v22.xml",
                    "position": {
                        "startLine": 4,
                        "startColumn": 4,
                        "startOffset": 217,
                        "endLine": 8,
                        "endColumn": 12,
                        "endOffset": 548
                    }
                }
            },
            {
                "to": {
                    "startLine": 9,
                    "startColumn": 4,
                    "startOffset": 553,
                    "endLine": 13,
                    "endColumn": 12,
                    "endOffset": 896
                },
                "from": {
                    "file": "/Users/aishwaryagagadam/Desktop/HttpApp 3/C:\\Users\\ACER\\Desktop\\HttpApp (1)\\HttpApp\\HttpApp\\app\\build\\intermediates\\exploded-aar\\com.android.support\\appcompat-v7\\23.2.1\\res\\values-v22\\values-v22.xml",
                    "position": {
                        "startLine": 9,
                        "startColumn": 4,
                        "startOffset": 553,
                        "endLine": 13,
                        "endColumn": 12,
                        "endOffset": 896
                    }
                }
            }
        ]
    },
    {
        "outputFile": "/Users/aishwaryagagadam/Desktop/HttpApp 3 2/app/build/intermediates/res/merged/debug/values-v22/values-v22.xml",
        "map": [
            {
                "to": {
                    "startLine": 2,
                    "startColumn": 4,
                    "startOffset": 55,
                    "endColumn": 74,
                    "endOffset": 125
                },
                "from": {
                    "file": "/Users/aishwaryagagadam/Desktop/HttpApp 3 2/app/build/intermediates/exploded-aar/com.android.support/appcompat-v7/23.2.1/res/values-v22/values-v22.xml",
                    "position": {
                        "startLine": 2,
                        "startColumn": 4,
                        "startOffset": 55,
                        "endColumn": 74,
                        "endOffset": 125
                    }
                }
            },
            {
                "to": {
                    "startLine": 3,
                    "startColumn": 4,
                    "startOffset": 130,
                    "endColumn": 86,
                    "endOffset": 212
                },
                "from": {
                    "file": "/Users/aishwaryagagadam/Desktop/HttpApp 3 2/app/build/intermediates/exploded-aar/com.android.support/appcompat-v7/23.2.1/res/values-v22/values-v22.xml",
                    "position": {
                        "startLine": 3,
                        "startColumn": 4,
                        "startOffset": 130,
                        "endColumn": 86,
                        "endOffset": 212
                    }
                }
            },
            {
                "to": {
                    "startLine": 4,
                    "startColumn": 4,
                    "startOffset": 217,
                    "endLine": 8,
                    "endColumn": 12,
                    "endOffset": 548
                },
                "from": {
                    "file": "/Users/aishwaryagagadam/Desktop/HttpApp 3 2/app/build/intermediates/exploded-aar/com.android.support/appcompat-v7/23.2.1/res/values-v22/values-v22.xml",
                    "position": {
                        "startLine": 4,
                        "startColumn": 4,
                        "startOffset": 217,
                        "endLine": 8,
                        "endColumn": 12,
                        "endOffset": 548
                    }
                }
            },
            {
                "to": {
                    "startLine": 9,
                    "startColumn": 4,
                    "startOffset": 553,
                    "endLine": 13,
                    "endColumn": 12,
                    "endOffset": 896
                },
                "from": {
                    "file": "/Users/aishwaryagagadam/Desktop/HttpApp 3 2/app/build/intermediates/exploded-aar/com.android.support/appcompat-v7/23.2.1/res/values-v22/values-v22.xml",
                    "position": {
                        "startLine": 9,
                        "startColumn": 4,
                        "startOffset": 553,
                        "endLine": 13,
                        "endColumn": 12,
                        "endOffset": 896
                    }
                }
            }
        ]
    }
]