[
    {
        "outputFile": "/home/abs/Downloads/HttpApp 3 2/HttpApp 3 2/app/build/intermediates/res/merged/debug/values-v12/values-v12.xml",
        "map": [
            {
                "to": {
                    "startLine": 2,
                    "startColumn": 4,
                    "startOffset": 55,
                    "endLine": 4,
                    "endColumn": 12,
                    "endOffset": 274
                },
                "from": {
                    "file": "/home/abs/Downloads/HttpApp 3 2/HttpApp 3 2/app/build/intermediates/exploded-aar/com.android.support/appcompat-v7/23.2.1/res/values-v12/values-v12.xml",
                    "position": {
                        "startLine": 2,
                        "startColumn": 4,
                        "startOffset": 55,
                        "endLine": 4,
                        "endColumn": 12,
                        "endOffset": 274
                    }
                }
            },
            {
                "to": {
                    "startLine": 5,
                    "startColumn": 4,
                    "startOffset": 279,
                    "endLine": 7,
                    "endColumn": 12,
                    "endOffset": 474
                },
                "from": {
                    "file": "/home/abs/Downloads/HttpApp 3 2/HttpApp 3 2/app/build/intermediates/exploded-aar/com.android.support/appcompat-v7/23.2.1/res/values-v12/values-v12.xml",
                    "position": {
                        "startLine": 5,
                        "startColumn": 4,
                        "startOffset": 279,
                        "endLine": 7,
                        "endColumn": 12,
                        "endOffset": 474
                    }
                }
            },
            {
                "to": {
                    "startLine": 8,
                    "startColumn": 4,
                    "startOffset": 479,
                    "endColumn": 118,
                    "endOffset": 593
                },
                "from": {
                    "file": "/home/abs/Downloads/HttpApp 3 2/HttpApp 3 2/app/build/intermediates/exploded-aar/com.android.support/appcompat-v7/23.2.1/res/values-v12/values-v12.xml",
                    "position": {
                        "startLine": 8,
                        "startColumn": 4,
                        "startOffset": 479,
                        "endColumn": 118,
                        "endOffset": 593
                    }
                }
            },
            {
                "to": {
                    "startLine": 9,
                    "startColumn": 4,
                    "startOffset": 598,
                    "endColumn": 94,
                    "endOffset": 688
                },
                "from": {
                    "file": "/home/abs/Downloads/HttpApp 3 2/HttpApp 3 2/app/build/intermediates/exploded-aar/com.android.support/appcompat-v7/23.2.1/res/values-v12/values-v12.xml",
                    "position": {
                        "startLine": 9,
                        "startColumn": 4,
                        "startOffset": 598,
                        "endColumn": 94,
                        "endOffset": 688
                    }
                }
            }
        ]
    },
    {
        "outputFile": "/Users/aishwaryagagadam/Desktop/HttpApp 3 2/app/build/intermediates/res/merged/debug/values-v12/values-v12.xml",
        "map": [
            {
                "to": {
                    "startLine": 2,
                    "startColumn": 4,
                    "startOffset": 55,
                    "endLine": 4,
                    "endColumn": 12,
                    "endOffset": 274
                },
                "from": {
                    "file": "/Users/aishwaryagagadam/Desktop/HttpApp 3 2/app/build/intermediates/exploded-aar/com.android.support/appcompat-v7/23.2.1/res/values-v12/values-v12.xml",
                    "position": {
                        "startLine": 2,
                        "startColumn": 4,
                        "startOffset": 55,
                        "endLine": 4,
                        "endColumn": 12,
                        "endOffset": 274
                    }
                }
            },
            {
                "to": {
                    "startLine": 5,
                    "startColumn": 4,
                    "startOffset": 279,
                    "endLine": 7,
                    "endColumn": 12,
                    "endOffset": 474
                },
                "from": {
                    "file": "/Users/aishwaryagagadam/Desktop/HttpApp 3 2/app/build/intermediates/exploded-aar/com.android.support/appcompat-v7/23.2.1/res/values-v12/values-v12.xml",
                    "position": {
                        "startLine": 5,
                        "startColumn": 4,
                        "startOffset": 279,
                        "endLine": 7,
                        "endColumn": 12,
                        "endOffset": 474
                    }
                }
            },
            {
                "to": {
                    "startLine": 8,
                    "startColumn": 4,
                    "startOffset": 479,
                    "endColumn": 118,
                    "endOffset": 593
                },
                "from": {
                    "file": "/Users/aishwaryagagadam/Desktop/HttpApp 3 2/app/build/intermediates/exploded-aar/com.android.support/appcompat-v7/23.2.1/res/values-v12/values-v12.xml",
                    "position": {
                        "startLine": 8,
                        "startColumn": 4,
                        "startOffset": 479,
                        "endColumn": 118,
                        "endOffset": 593
                    }
                }
            },
            {
                "to": {
                    "startLine": 9,
                    "startColumn": 4,
                    "startOffset": 598,
                    "endColumn": 94,
                    "endOffset": 688
                },
                "from": {
                    "file": "/Users/aishwaryagagadam/Desktop/HttpApp 3 2/app/build/intermediates/exploded-aar/com.android.support/appcompat-v7/23.2.1/res/values-v12/values-v12.xml",
                    "position": {
                        "startLine": 9,
                        "startColumn": 4,
                        "startOffset": 598,
                        "endColumn": 94,
                        "endOffset": 688
                    }
                }
            }
        ]
    },
    {
        "outputFile": "/Users/aishwaryagagadam/Desktop/HttpApp 3/app/build/intermediates/res/merged/debug/values-v12/values-v12.xml",
        "map": [
            {
                "to": {
                    "startLine": 2,
                    "startColumn": 4,
                    "startOffset": 55,
                    "endLine": 4,
                    "endColumn": 12,
                    "endOffset": 274
                },
                "from": {
                    "file": "/Users/aishwaryagagadam/Desktop/HttpApp 3/app/build/intermediates/exploded-aar/com.android.support/appcompat-v7/23.2.1/res/values-v12/values-v12.xml",
                    "position": {
                        "startLine": 2,
                        "startColumn": 4,
                        "startOffset": 55,
                        "endLine": 4,
                        "endColumn": 12,
                        "endOffset": 274
                    }
                }
            },
            {
                "to": {
                    "startLine": 5,
                    "startColumn": 4,
                    "startOffset": 279,
                    "endLine": 7,
                    "endColumn": 12,
                    "endOffset": 474
                },
                "from": {
                    "file": "/Users/aishwaryagagadam/Desktop/HttpApp 3/app/build/intermediates/exploded-aar/com.android.support/appcompat-v7/23.2.1/res/values-v12/values-v12.xml",
                    "position": {
                        "startLine": 5,
                        "startColumn": 4,
                        "startOffset": 279,
                        "endLine": 7,
                        "endColumn": 12,
                        "endOffset": 474
                    }
                }
            },
            {
                "to": {
                    "startLine": 8,
                    "startColumn": 4,
                    "startOffset": 479,
                    "endColumn": 118,
                    "endOffset": 593
                },
                "from": {
                    "file": "/Users/aishwaryagagadam/Desktop/HttpApp 3/app/build/intermediates/exploded-aar/com.android.support/appcompat-v7/23.2.1/res/values-v12/values-v12.xml",
                    "position": {
                        "startLine": 8,
                        "startColumn": 4,
                        "startOffset": 479,
                        "endColumn": 118,
                        "endOffset": 593
                    }
                }
            },
            {
                "to": {
                    "startLine": 9,
                    "startColumn": 4,
                    "startOffset": 598,
                    "endColumn": 94,
                    "endOffset": 688
                },
                "from": {
                    "file": "/Users/aishwaryagagadam/Desktop/HttpApp 3/app/build/intermediates/exploded-aar/com.android.support/appcompat-v7/23.2.1/res/values-v12/values-v12.xml",
                    "position": {
                        "startLine": 9,
                        "startColumn": 4,
                        "startOffset": 598,
                        "endColumn": 94,
                        "endOffset": 688
                    }
                }
            }
        ]
    },
    {
        "outputFile": "/Users/aishwaryagagadam/Desktop/HttpApp 3/C:\\Users\\ACER\\Desktop\\HttpApp (1)\\HttpApp\\HttpApp\\app\\build\\intermediates\\res\\merged\\debug\\values-v12\\values-v12.xml",
        "map": [
            {
                "to": {
                    "startLine": 2,
                    "startColumn": 4,
                    "startOffset": 55,
                    "endLine": 4,
                    "endColumn": 12,
                    "endOffset": 274
                },
                "from": {
                    "file": "/Users/aishwaryagagadam/Desktop/HttpApp 3/C:\\Users\\ACER\\Desktop\\HttpApp (1)\\HttpApp\\HttpApp\\app\\build\\intermediates\\exploded-aar\\com.android.support\\appcompat-v7\\23.2.1\\res\\values-v12\\values-v12.xml",
                    "position": {
                        "startLine": 2,
                        "startColumn": 4,
                        "startOffset": 55,
                        "endLine": 4,
                        "endColumn": 12,
                        "endOffset": 274
                    }
                }
            },
            {
                "to": {
                    "startLine": 5,
                    "startColumn": 4,
                    "startOffset": 279,
                    "endLine": 7,
                    "endColumn": 12,
                    "endOffset": 474
                },
                "from": {
                    "file": "/Users/aishwaryagagadam/Desktop/HttpApp 3/C:\\Users\\ACER\\Desktop\\HttpApp (1)\\HttpApp\\HttpApp\\app\\build\\intermediates\\exploded-aar\\com.android.support\\appcompat-v7\\23.2.1\\res\\values-v12\\values-v12.xml",
                    "position": {
                        "startLine": 5,
                        "startColumn": 4,
                        "startOffset": 279,
                        "endLine": 7,
                        "endColumn": 12,
                        "endOffset": 474
                    }
                }
            },
            {
                "to": {
                    "startLine": 8,
                    "startColumn": 4,
                    "startOffset": 479,
                    "endColumn": 118,
                    "endOffset": 593
                },
                "from": {
                    "file": "/Users/aishwaryagagadam/Desktop/HttpApp 3/C:\\Users\\ACER\\Desktop\\HttpApp (1)\\HttpApp\\HttpApp\\app\\build\\intermediates\\exploded-aar\\com.android.support\\appcompat-v7\\23.2.1\\res\\values-v12\\values-v12.xml",
                    "position": {
                        "startLine": 8,
                        "startColumn": 4,
                        "startOffset": 479,
                        "endColumn": 118,
                        "endOffset": 593
                    }
                }
            },
            {
                "to": {
                    "startLine": 9,
                    "startColumn": 4,
                    "startOffset": 598,
                    "endColumn": 94,
                    "endOffset": 688
                },
                "from": {
                    "file": "/Users/aishwaryagagadam/Desktop/HttpApp 3/C:\\Users\\ACER\\Desktop\\HttpApp (1)\\HttpApp\\HttpApp\\app\\build\\intermediates\\exploded-aar\\com.android.support\\appcompat-v7\\23.2.1\\res\\values-v12\\values-v12.xml",
                    "position": {
                        "startLine": 9,
                        "startColumn": 4,
                        "startOffset": 598,
                        "endColumn": 94,
                        "endOffset": 688
                    }
                }
            }
        ]
    }
]