[
    {
        "outputFile": "/Users/aishwaryagagadam/Desktop/HttpApp 3/C:\\Users\\ACER\\Desktop\\HttpApp (1)\\HttpApp\\HttpApp\\app\\build\\intermediates\\res\\merged\\debug\\values-w820dp-v13\\values-w820dp-v13.xml",
        "map": [
            {
                "to": {
                    "startLine": 2,
                    "startColumn": 4,
                    "startOffset": 55,
                    "endColumn": 57,
                    "endOffset": 108
                },
                "from": {
                    "file": "/Users/aishwaryagagadam/Desktop/HttpApp 3/C:\\Users\\ACER\\Desktop\\HttpApp (1)\\HttpApp\\HttpApp\\app\\src\\main\\res\\values-w820dp\\dimens.xml",
                    "position": {
                        "startLine": 4,
                        "startColumn": 4,
                        "startOffset": 291,
                        "endColumn": 57,
                        "endOffset": 344
                    }
                }
            }
        ]
    },
    {
        "outputFile": "/Users/aishwaryagagadam/Desktop/HttpApp 3 2/app/build/intermediates/res/merged/debug/values-w820dp-v13/values-w820dp-v13.xml",
        "map": [
            {
                "to": {
                    "startLine": 2,
                    "startColumn": 4,
                    "startOffset": 55,
                    "endColumn": 57,
                    "endOffset": 108
                },
                "from": {
                    "file": "/Users/aishwaryagagadam/Desktop/HttpApp 3 2/app/src/main/res/values-w820dp/dimens.xml",
                    "position": {
                        "startLine": 4,
                        "startColumn": 4,
                        "startOffset": 291,
                        "endColumn": 57,
                        "endOffset": 344
                    }
                }
            }
        ]
    },
    {
        "outputFile": "/Users/aishwaryagagadam/Desktop/HttpApp 3/app/build/intermediates/res/merged/debug/values-w820dp-v13/values-w820dp-v13.xml",
        "map": [
            {
                "to": {
                    "startLine": 2,
                    "startColumn": 4,
                    "startOffset": 55,
                    "endColumn": 57,
                    "endOffset": 108
                },
                "from": {
                    "file": "/Users/aishwaryagagadam/Desktop/HttpApp 3/app/src/main/res/values-w820dp/dimens.xml",
                    "position": {
                        "startLine": 4,
                        "startColumn": 4,
                        "startOffset": 291,
                        "endColumn": 57,
                        "endOffset": 344
                    }
                }
            }
        ]
    },
    {
        "outputFile": "/home/abs/Downloads/HttpApp 3 2/HttpApp 3 2/app/build/intermediates/res/merged/debug/values-w820dp-v13/values-w820dp-v13.xml",
        "map": [
            {
                "to": {
                    "startLine": 2,
                    "startColumn": 4,
                    "startOffset": 55,
                    "endColumn": 57,
                    "endOffset": 108
                },
                "from": {
                    "file": "/home/abs/Downloads/HttpApp 3 2/HttpApp 3 2/app/src/main/res/values-w820dp/dimens.xml",
                    "position": {
                        "startLine": 4,
                        "startColumn": 4,
                        "startOffset": 291,
                        "endColumn": 57,
                        "endOffset": 344
                    }
                }
            }
        ]
    }
]