[
    {
        "outputFile": "/home/abs/Downloads/HttpApp 3 2/HttpApp 3 2/app/build/intermediates/res/merged/debug/values-land/values-land.xml",
        "map": [
            {
                "to": {
                    "startLine": 2,
                    "startColumn": 4,
                    "startOffset": 55,
                    "endColumn": 61,
                    "endOffset": 112
                },
                "from": {
                    "file": "/home/abs/Downloads/HttpApp 3 2/HttpApp 3 2/app/build/intermediates/exploded-aar/com.android.support/appcompat-v7/23.2.1/res/values-land/values-land.xml",
                    "position": {
                        "startLine": 2,
                        "startColumn": 4,
                        "startOffset": 55,
                        "endColumn": 61,
                        "endOffset": 112
                    }
                }
            },
            {
                "to": {
                    "startLine": 3,
                    "startColumn": 4,
                    "startOffset": 117,
                    "endColumn": 71,
                    "endOffset": 184
                },
                "from": {
                    "file": "/home/abs/Downloads/HttpApp 3 2/HttpApp 3 2/app/build/intermediates/exploded-aar/com.android.support/appcompat-v7/23.2.1/res/values-land/values-land.xml",
                    "position": {
                        "startLine": 3,
                        "startColumn": 4,
                        "startOffset": 117,
                        "endColumn": 71,
                        "endOffset": 184
                    }
                }
            },
            {
                "to": {
                    "startLine": 4,
                    "startColumn": 4,
                    "startOffset": 189,
                    "endColumn": 69,
                    "endOffset": 254
                },
                "from": {
                    "file": "/home/abs/Downloads/HttpApp 3 2/HttpApp 3 2/app/build/intermediates/exploded-aar/com.android.support/appcompat-v7/23.2.1/res/values-land/values-land.xml",
                    "position": {
                        "startLine": 4,
                        "startColumn": 4,
                        "startOffset": 189,
                        "endColumn": 69,
                        "endOffset": 254
                    }
                }
            },
            {
                "to": {
                    "startLine": 5,
                    "startColumn": 4,
                    "startOffset": 259,
                    "endColumn": 63,
                    "endOffset": 318
                },
                "from": {
                    "file": "/home/abs/Downloads/HttpApp 3 2/HttpApp 3 2/app/build/intermediates/exploded-aar/com.android.support/appcompat-v7/23.2.1/res/values-land/values-land.xml",
                    "position": {
                        "startLine": 5,
                        "startColumn": 4,
                        "startOffset": 259,
                        "endColumn": 63,
                        "endOffset": 318
                    }
                }
            },
            {
                "to": {
                    "startLine": 6,
                    "startColumn": 4,
                    "startOffset": 323,
                    "endColumn": 70,
                    "endOffset": 389
                },
                "from": {
                    "file": "/home/abs/Downloads/HttpApp 3 2/HttpApp 3 2/app/build/intermediates/exploded-aar/com.android.support/appcompat-v7/23.2.1/res/values-land/values-land.xml",
                    "position": {
                        "startLine": 6,
                        "startColumn": 4,
                        "startOffset": 323,
                        "endColumn": 70,
                        "endOffset": 389
                    }
                }
            },
            {
                "to": {
                    "startLine": 7,
                    "startColumn": 4,
                    "startOffset": 394,
                    "endColumn": 67,
                    "endOffset": 457
                },
                "from": {
                    "file": "/home/abs/Downloads/HttpApp 3 2/HttpApp 3 2/app/build/intermediates/exploded-aar/com.android.support/appcompat-v7/23.2.1/res/values-land/values-land.xml",
                    "position": {
                        "startLine": 7,
                        "startColumn": 4,
                        "startOffset": 394,
                        "endColumn": 67,
                        "endOffset": 457
                    }
                }
            },
            {
                "to": {
                    "startLine": 8,
                    "startColumn": 4,
                    "startOffset": 462,
                    "endLine": 11,
                    "endColumn": 12,
                    "endOffset": 639
                },
                "from": {
                    "file": "/home/abs/Downloads/HttpApp 3 2/HttpApp 3 2/app/build/intermediates/exploded-aar/com.android.support/design/23.2.1/res/values-land/values-land.xml",
                    "position": {
                        "startLine": 2,
                        "startColumn": 4,
                        "startOffset": 55,
                        "endLine": 5,
                        "endColumn": 12,
                        "endOffset": 232
                    }
                }
            }
        ]
    },
    {
        "outputFile": "/Users/aishwaryagagadam/Desktop/HttpApp 3 2/app/build/intermediates/res/merged/debug/values-land/values-land.xml",
        "map": [
            {
                "to": {
                    "startLine": 2,
                    "startColumn": 4,
                    "startOffset": 55,
                    "endColumn": 61,
                    "endOffset": 112
                },
                "from": {
                    "file": "/Users/aishwaryagagadam/Desktop/HttpApp 3 2/app/build/intermediates/exploded-aar/com.android.support/appcompat-v7/23.2.1/res/values-land/values-land.xml",
                    "position": {
                        "startLine": 2,
                        "startColumn": 4,
                        "startOffset": 55,
                        "endColumn": 61,
                        "endOffset": 112
                    }
                }
            },
            {
                "to": {
                    "startLine": 3,
                    "startColumn": 4,
                    "startOffset": 117,
                    "endColumn": 71,
                    "endOffset": 184
                },
                "from": {
                    "file": "/Users/aishwaryagagadam/Desktop/HttpApp 3 2/app/build/intermediates/exploded-aar/com.android.support/appcompat-v7/23.2.1/res/values-land/values-land.xml",
                    "position": {
                        "startLine": 3,
                        "startColumn": 4,
                        "startOffset": 117,
                        "endColumn": 71,
                        "endOffset": 184
                    }
                }
            },
            {
                "to": {
                    "startLine": 4,
                    "startColumn": 4,
                    "startOffset": 189,
                    "endColumn": 69,
                    "endOffset": 254
                },
                "from": {
                    "file": "/Users/aishwaryagagadam/Desktop/HttpApp 3 2/app/build/intermediates/exploded-aar/com.android.support/appcompat-v7/23.2.1/res/values-land/values-land.xml",
                    "position": {
                        "startLine": 4,
                        "startColumn": 4,
                        "startOffset": 189,
                        "endColumn": 69,
                        "endOffset": 254
                    }
                }
            },
            {
                "to": {
                    "startLine": 5,
                    "startColumn": 4,
                    "startOffset": 259,
                    "endColumn": 63,
                    "endOffset": 318
                },
                "from": {
                    "file": "/Users/aishwaryagagadam/Desktop/HttpApp 3 2/app/build/intermediates/exploded-aar/com.android.support/appcompat-v7/23.2.1/res/values-land/values-land.xml",
                    "position": {
                        "startLine": 5,
                        "startColumn": 4,
                        "startOffset": 259,
                        "endColumn": 63,
                        "endOffset": 318
                    }
                }
            },
            {
                "to": {
                    "startLine": 6,
                    "startColumn": 4,
                    "startOffset": 323,
                    "endColumn": 70,
                    "endOffset": 389
                },
                "from": {
                    "file": "/Users/aishwaryagagadam/Desktop/HttpApp 3 2/app/build/intermediates/exploded-aar/com.android.support/appcompat-v7/23.2.1/res/values-land/values-land.xml",
                    "position": {
                        "startLine": 6,
                        "startColumn": 4,
                        "startOffset": 323,
                        "endColumn": 70,
                        "endOffset": 389
                    }
                }
            },
            {
                "to": {
                    "startLine": 7,
                    "startColumn": 4,
                    "startOffset": 394,
                    "endColumn": 67,
                    "endOffset": 457
                },
                "from": {
                    "file": "/Users/aishwaryagagadam/Desktop/HttpApp 3 2/app/build/intermediates/exploded-aar/com.android.support/appcompat-v7/23.2.1/res/values-land/values-land.xml",
                    "position": {
                        "startLine": 7,
                        "startColumn": 4,
                        "startOffset": 394,
                        "endColumn": 67,
                        "endOffset": 457
                    }
                }
            },
            {
                "to": {
                    "startLine": 8,
                    "startColumn": 4,
                    "startOffset": 462,
                    "endLine": 11,
                    "endColumn": 12,
                    "endOffset": 639
                },
                "from": {
                    "file": "/Users/aishwaryagagadam/Desktop/HttpApp 3 2/app/build/intermediates/exploded-aar/com.android.support/design/23.2.1/res/values-land/values-land.xml",
                    "position": {
                        "startLine": 2,
                        "startColumn": 4,
                        "startOffset": 55,
                        "endLine": 5,
                        "endColumn": 12,
                        "endOffset": 232
                    }
                }
            }
        ]
    },
    {
        "outputFile": "/Users/aishwaryagagadam/Desktop/HttpApp 3/app/build/intermediates/res/merged/debug/values-land/values-land.xml",
        "map": [
            {
                "to": {
                    "startLine": 2,
                    "startColumn": 4,
                    "startOffset": 55,
                    "endColumn": 61,
                    "endOffset": 112
                },
                "from": {
                    "file": "/Users/aishwaryagagadam/Desktop/HttpApp 3/app/build/intermediates/exploded-aar/com.android.support/appcompat-v7/23.2.1/res/values-land/values-land.xml",
                    "position": {
                        "startLine": 2,
                        "startColumn": 4,
                        "startOffset": 55,
                        "endColumn": 61,
                        "endOffset": 112
                    }
                }
            },
            {
                "to": {
                    "startLine": 3,
                    "startColumn": 4,
                    "startOffset": 117,
                    "endColumn": 71,
                    "endOffset": 184
                },
                "from": {
                    "file": "/Users/aishwaryagagadam/Desktop/HttpApp 3/app/build/intermediates/exploded-aar/com.android.support/appcompat-v7/23.2.1/res/values-land/values-land.xml",
                    "position": {
                        "startLine": 3,
                        "startColumn": 4,
                        "startOffset": 117,
                        "endColumn": 71,
                        "endOffset": 184
                    }
                }
            },
            {
                "to": {
                    "startLine": 4,
                    "startColumn": 4,
                    "startOffset": 189,
                    "endColumn": 69,
                    "endOffset": 254
                },
                "from": {
                    "file": "/Users/aishwaryagagadam/Desktop/HttpApp 3/app/build/intermediates/exploded-aar/com.android.support/appcompat-v7/23.2.1/res/values-land/values-land.xml",
                    "position": {
                        "startLine": 4,
                        "startColumn": 4,
                        "startOffset": 189,
                        "endColumn": 69,
                        "endOffset": 254
                    }
                }
            },
            {
                "to": {
                    "startLine": 5,
                    "startColumn": 4,
                    "startOffset": 259,
                    "endColumn": 63,
                    "endOffset": 318
                },
                "from": {
                    "file": "/Users/aishwaryagagadam/Desktop/HttpApp 3/app/build/intermediates/exploded-aar/com.android.support/appcompat-v7/23.2.1/res/values-land/values-land.xml",
                    "position": {
                        "startLine": 5,
                        "startColumn": 4,
                        "startOffset": 259,
                        "endColumn": 63,
                        "endOffset": 318
                    }
                }
            },
            {
                "to": {
                    "startLine": 6,
                    "startColumn": 4,
                    "startOffset": 323,
                    "endColumn": 70,
                    "endOffset": 389
                },
                "from": {
                    "file": "/Users/aishwaryagagadam/Desktop/HttpApp 3/app/build/intermediates/exploded-aar/com.android.support/appcompat-v7/23.2.1/res/values-land/values-land.xml",
                    "position": {
                        "startLine": 6,
                        "startColumn": 4,
                        "startOffset": 323,
                        "endColumn": 70,
                        "endOffset": 389
                    }
                }
            },
            {
                "to": {
                    "startLine": 7,
                    "startColumn": 4,
                    "startOffset": 394,
                    "endColumn": 67,
                    "endOffset": 457
                },
                "from": {
                    "file": "/Users/aishwaryagagadam/Desktop/HttpApp 3/app/build/intermediates/exploded-aar/com.android.support/appcompat-v7/23.2.1/res/values-land/values-land.xml",
                    "position": {
                        "startLine": 7,
                        "startColumn": 4,
                        "startOffset": 394,
                        "endColumn": 67,
                        "endOffset": 457
                    }
                }
            },
            {
                "to": {
                    "startLine": 8,
                    "startColumn": 4,
                    "startOffset": 462,
                    "endLine": 11,
                    "endColumn": 12,
                    "endOffset": 639
                },
                "from": {
                    "file": "/Users/aishwaryagagadam/Desktop/HttpApp 3/app/build/intermediates/exploded-aar/com.android.support/design/23.2.1/res/values-land/values-land.xml",
                    "position": {
                        "startLine": 2,
                        "startColumn": 4,
                        "startOffset": 55,
                        "endLine": 5,
                        "endColumn": 12,
                        "endOffset": 232
                    }
                }
            }
        ]
    },
    {
        "outputFile": "/Users/aishwaryagagadam/Desktop/HttpApp 3/C:\\Users\\ACER\\Desktop\\HttpApp (1)\\HttpApp\\HttpApp\\app\\build\\intermediates\\res\\merged\\debug\\values-land\\values-land.xml",
        "map": [
            {
                "to": {
                    "startLine": 2,
                    "startColumn": 4,
                    "startOffset": 55,
                    "endColumn": 61,
                    "endOffset": 112
                },
                "from": {
                    "file": "/Users/aishwaryagagadam/Desktop/HttpApp 3/C:\\Users\\ACER\\Desktop\\HttpApp (1)\\HttpApp\\HttpApp\\app\\build\\intermediates\\exploded-aar\\com.android.support\\appcompat-v7\\23.2.1\\res\\values-land\\values-land.xml",
                    "position": {
                        "startLine": 2,
                        "startColumn": 4,
                        "startOffset": 55,
                        "endColumn": 61,
                        "endOffset": 112
                    }
                }
            },
            {
                "to": {
                    "startLine": 3,
                    "startColumn": 4,
                    "startOffset": 117,
                    "endColumn": 71,
                    "endOffset": 184
                },
                "from": {
                    "file": "/Users/aishwaryagagadam/Desktop/HttpApp 3/C:\\Users\\ACER\\Desktop\\HttpApp (1)\\HttpApp\\HttpApp\\app\\build\\intermediates\\exploded-aar\\com.android.support\\appcompat-v7\\23.2.1\\res\\values-land\\values-land.xml",
                    "position": {
                        "startLine": 3,
                        "startColumn": 4,
                        "startOffset": 117,
                        "endColumn": 71,
                        "endOffset": 184
                    }
                }
            },
            {
                "to": {
                    "startLine": 4,
                    "startColumn": 4,
                    "startOffset": 189,
                    "endColumn": 69,
                    "endOffset": 254
                },
                "from": {
                    "file": "/Users/aishwaryagagadam/Desktop/HttpApp 3/C:\\Users\\ACER\\Desktop\\HttpApp (1)\\HttpApp\\HttpApp\\app\\build\\intermediates\\exploded-aar\\com.android.support\\appcompat-v7\\23.2.1\\res\\values-land\\values-land.xml",
                    "position": {
                        "startLine": 4,
                        "startColumn": 4,
                        "startOffset": 189,
                        "endColumn": 69,
                        "endOffset": 254
                    }
                }
            },
            {
                "to": {
                    "startLine": 5,
                    "startColumn": 4,
                    "startOffset": 259,
                    "endColumn": 63,
                    "endOffset": 318
                },
                "from": {
                    "file": "/Users/aishwaryagagadam/Desktop/HttpApp 3/C:\\Users\\ACER\\Desktop\\HttpApp (1)\\HttpApp\\HttpApp\\app\\build\\intermediates\\exploded-aar\\com.android.support\\appcompat-v7\\23.2.1\\res\\values-land\\values-land.xml",
                    "position": {
                        "startLine": 5,
                        "startColumn": 4,
                        "startOffset": 259,
                        "endColumn": 63,
                        "endOffset": 318
                    }
                }
            },
            {
                "to": {
                    "startLine": 6,
                    "startColumn": 4,
                    "startOffset": 323,
                    "endColumn": 70,
                    "endOffset": 389
                },
                "from": {
                    "file": "/Users/aishwaryagagadam/Desktop/HttpApp 3/C:\\Users\\ACER\\Desktop\\HttpApp (1)\\HttpApp\\HttpApp\\app\\build\\intermediates\\exploded-aar\\com.android.support\\appcompat-v7\\23.2.1\\res\\values-land\\values-land.xml",
                    "position": {
                        "startLine": 6,
                        "startColumn": 4,
                        "startOffset": 323,
                        "endColumn": 70,
                        "endOffset": 389
                    }
                }
            },
            {
                "to": {
                    "startLine": 7,
                    "startColumn": 4,
                    "startOffset": 394,
                    "endColumn": 67,
                    "endOffset": 457
                },
                "from": {
                    "file": "/Users/aishwaryagagadam/Desktop/HttpApp 3/C:\\Users\\ACER\\Desktop\\HttpApp (1)\\HttpApp\\HttpApp\\app\\build\\intermediates\\exploded-aar\\com.android.support\\appcompat-v7\\23.2.1\\res\\values-land\\values-land.xml",
                    "position": {
                        "startLine": 7,
                        "startColumn": 4,
                        "startOffset": 394,
                        "endColumn": 67,
                        "endOffset": 457
                    }
                }
            },
            {
                "to": {
                    "startLine": 8,
                    "startColumn": 4,
                    "startOffset": 462,
                    "endLine": 11,
                    "endColumn": 12,
                    "endOffset": 639
                },
                "from": {
                    "file": "/Users/aishwaryagagadam/Desktop/HttpApp 3/C:\\Users\\ACER\\Desktop\\HttpApp (1)\\HttpApp\\HttpApp\\app\\build\\intermediates\\exploded-aar\\com.android.support\\design\\23.2.1\\res\\values-land\\values-land.xml",
                    "position": {
                        "startLine": 2,
                        "startColumn": 4,
                        "startOffset": 55,
                        "endLine": 5,
                        "endColumn": 12,
                        "endOffset": 232
                    }
                }
            }
        ]
    }
]