[
    {
        "outputFile": "/home/abs/Downloads/HttpApp 3 2/HttpApp 3 2/app/build/intermediates/res/merged/debug/values-ky-rKG/values-ky-rKG.xml",
        "map": [
            {
                "to": {
                    "startLine": 2,
                    "startColumn": 4,
                    "startOffset": 55,
                    "endColumn": 103,
                    "endOffset": 154
                },
                "from": {
                    "file": "/home/abs/Downloads/HttpApp 3 2/HttpApp 3 2/app/build/intermediates/exploded-aar/com.android.support/appcompat-v7/23.2.1/res/values-ky-rKG/values-ky-rKG.xml",
                    "position": {
                        "startLine": 2,
                        "startColumn": 4,
                        "startOffset": 55,
                        "endColumn": 103,
                        "endOffset": 154
                    }
                }
            },
            {
                "to": {
                    "startLine": 3,
                    "startColumn": 4,
                    "startOffset": 159,
                    "endColumn": 107,
                    "endOffset": 262
                },
                "from": {
                    "file": "/home/abs/Downloads/HttpApp 3 2/HttpApp 3 2/app/build/intermediates/exploded-aar/com.android.support/appcompat-v7/23.2.1/res/values-ky-rKG/values-ky-rKG.xml",
                    "position": {
                        "startLine": 3,
                        "startColumn": 4,
                        "startOffset": 159,
                        "endColumn": 107,
                        "endOffset": 262
                    }
                }
            },
            {
                "to": {
                    "startLine": 4,
                    "startColumn": 4,
                    "startOffset": 267,
                    "endColumn": 122,
                    "endOffset": 385
                },
                "from": {
                    "file": "/home/abs/Downloads/HttpApp 3 2/HttpApp 3 2/app/build/intermediates/exploded-aar/com.android.support/appcompat-v7/23.2.1/res/values-ky-rKG/values-ky-rKG.xml",
                    "position": {
                        "startLine": 4,
                        "startColumn": 4,
                        "startOffset": 267,
                        "endColumn": 122,
                        "endOffset": 385
                    }
                }
            },
            {
                "to": {
                    "startLine": 5,
                    "startColumn": 4,
                    "startOffset": 390,
                    "endColumn": 94,
                    "endOffset": 480
                },
                "from": {
                    "file": "/home/abs/Downloads/HttpApp 3 2/HttpApp 3 2/app/build/intermediates/exploded-aar/com.android.support/appcompat-v7/23.2.1/res/values-ky-rKG/values-ky-rKG.xml",
                    "position": {
                        "startLine": 5,
                        "startColumn": 4,
                        "startOffset": 390,
                        "endColumn": 94,
                        "endOffset": 480
                    }
                }
            },
            {
                "to": {
                    "startLine": 6,
                    "startColumn": 4,
                    "startOffset": 485,
                    "endColumn": 118,
                    "endOffset": 599
                },
                "from": {
                    "file": "/home/abs/Downloads/HttpApp 3 2/HttpApp 3 2/app/build/intermediates/exploded-aar/com.android.support/appcompat-v7/23.2.1/res/values-ky-rKG/values-ky-rKG.xml",
                    "position": {
                        "startLine": 6,
                        "startColumn": 4,
                        "startOffset": 485,
                        "endColumn": 118,
                        "endOffset": 599
                    }
                }
            },
            {
                "to": {
                    "startLine": 7,
                    "startColumn": 4,
                    "startOffset": 604,
                    "endColumn": 83,
                    "endOffset": 683
                },
                "from": {
                    "file": "/home/abs/Downloads/HttpApp 3 2/HttpApp 3 2/app/build/intermediates/exploded-aar/com.android.support/appcompat-v7/23.2.1/res/values-ky-rKG/values-ky-rKG.xml",
                    "position": {
                        "startLine": 7,
                        "startColumn": 4,
                        "startOffset": 604,
                        "endColumn": 83,
                        "endOffset": 683
                    }
                }
            },
            {
                "to": {
                    "startLine": 8,
                    "startColumn": 4,
                    "startOffset": 688,
                    "endColumn": 106,
                    "endOffset": 790
                },
                "from": {
                    "file": "/home/abs/Downloads/HttpApp 3 2/HttpApp 3 2/app/build/intermediates/exploded-aar/com.android.support/appcompat-v7/23.2.1/res/values-ky-rKG/values-ky-rKG.xml",
                    "position": {
                        "startLine": 8,
                        "startColumn": 4,
                        "startOffset": 688,
                        "endColumn": 106,
                        "endOffset": 790
                    }
                }
            },
            {
                "to": {
                    "startLine": 9,
                    "startColumn": 4,
                    "startOffset": 795,
                    "endColumn": 116,
                    "endOffset": 907
                },
                "from": {
                    "file": "/home/abs/Downloads/HttpApp 3 2/HttpApp 3 2/app/build/intermediates/exploded-aar/com.android.support/appcompat-v7/23.2.1/res/values-ky-rKG/values-ky-rKG.xml",
                    "position": {
                        "startLine": 9,
                        "startColumn": 4,
                        "startOffset": 795,
                        "endColumn": 116,
                        "endOffset": 907
                    }
                }
            },
            {
                "to": {
                    "startLine": 10,
                    "startColumn": 4,
                    "startOffset": 912,
                    "endColumn": 77,
                    "endOffset": 985
                },
                "from": {
                    "file": "/home/abs/Downloads/HttpApp 3 2/HttpApp 3 2/app/build/intermediates/exploded-aar/com.android.support/appcompat-v7/23.2.1/res/values-ky-rKG/values-ky-rKG.xml",
                    "position": {
                        "startLine": 10,
                        "startColumn": 4,
                        "startOffset": 912,
                        "endColumn": 77,
                        "endOffset": 985
                    }
                }
            },
            {
                "to": {
                    "startLine": 11,
                    "startColumn": 4,
                    "startOffset": 990,
                    "endColumn": 78,
                    "endOffset": 1064
                },
                "from": {
                    "file": "/home/abs/Downloads/HttpApp 3 2/HttpApp 3 2/app/build/intermediates/exploded-aar/com.android.support/appcompat-v7/23.2.1/res/values-ky-rKG/values-ky-rKG.xml",
                    "position": {
                        "startLine": 11,
                        "startColumn": 4,
                        "startOffset": 990,
                        "endColumn": 78,
                        "endOffset": 1064
                    }
                }
            },
            {
                "to": {
                    "startLine": 12,
                    "startColumn": 4,
                    "startOffset": 1069,
                    "endColumn": 80,
                    "endOffset": 1145
                },
                "from": {
                    "file": "/home/abs/Downloads/HttpApp 3 2/HttpApp 3 2/app/build/intermediates/exploded-aar/com.android.support/appcompat-v7/23.2.1/res/values-ky-rKG/values-ky-rKG.xml",
                    "position": {
                        "startLine": 12,
                        "startColumn": 4,
                        "startOffset": 1069,
                        "endColumn": 80,
                        "endOffset": 1145
                    }
                }
            },
            {
                "to": {
                    "startLine": 13,
                    "startColumn": 4,
                    "startOffset": 1150,
                    "endColumn": 109,
                    "endOffset": 1255
                },
                "from": {
                    "file": "/home/abs/Downloads/HttpApp 3 2/HttpApp 3 2/app/build/intermediates/exploded-aar/com.android.support/appcompat-v7/23.2.1/res/values-ky-rKG/values-ky-rKG.xml",
                    "position": {
                        "startLine": 13,
                        "startColumn": 4,
                        "startOffset": 1150,
                        "endColumn": 109,
                        "endOffset": 1255
                    }
                }
            },
            {
                "to": {
                    "startLine": 14,
                    "startColumn": 4,
                    "startOffset": 1260,
                    "endColumn": 106,
                    "endOffset": 1362
                },
                "from": {
                    "file": "/home/abs/Downloads/HttpApp 3 2/HttpApp 3 2/app/build/intermediates/exploded-aar/com.android.support/appcompat-v7/23.2.1/res/values-ky-rKG/values-ky-rKG.xml",
                    "position": {
                        "startLine": 14,
                        "startColumn": 4,
                        "startOffset": 1260,
                        "endColumn": 106,
                        "endOffset": 1362
                    }
                }
            },
            {
                "to": {
                    "startLine": 15,
                    "startColumn": 4,
                    "startOffset": 1367,
                    "endColumn": 97,
                    "endOffset": 1460
                },
                "from": {
                    "file": "/home/abs/Downloads/HttpApp 3 2/HttpApp 3 2/app/build/intermediates/exploded-aar/com.android.support/appcompat-v7/23.2.1/res/values-ky-rKG/values-ky-rKG.xml",
                    "position": {
                        "startLine": 15,
                        "startColumn": 4,
                        "startOffset": 1367,
                        "endColumn": 97,
                        "endOffset": 1460
                    }
                }
            },
            {
                "to": {
                    "startLine": 16,
                    "startColumn": 4,
                    "startOffset": 1465,
                    "endColumn": 105,
                    "endOffset": 1566
                },
                "from": {
                    "file": "/home/abs/Downloads/HttpApp 3 2/HttpApp 3 2/app/build/intermediates/exploded-aar/com.android.support/appcompat-v7/23.2.1/res/values-ky-rKG/values-ky-rKG.xml",
                    "position": {
                        "startLine": 16,
                        "startColumn": 4,
                        "startOffset": 1465,
                        "endColumn": 105,
                        "endOffset": 1566
                    }
                }
            },
            {
                "to": {
                    "startLine": 17,
                    "startColumn": 4,
                    "startOffset": 1571,
                    "endColumn": 106,
                    "endOffset": 1673
                },
                "from": {
                    "file": "/home/abs/Downloads/HttpApp 3 2/HttpApp 3 2/app/build/intermediates/exploded-aar/com.android.support/appcompat-v7/23.2.1/res/values-ky-rKG/values-ky-rKG.xml",
                    "position": {
                        "startLine": 17,
                        "startColumn": 4,
                        "startOffset": 1571,
                        "endColumn": 106,
                        "endOffset": 1673
                    }
                }
            },
            {
                "to": {
                    "startLine": 18,
                    "startColumn": 4,
                    "startOffset": 1678,
                    "endColumn": 100,
                    "endOffset": 1774
                },
                "from": {
                    "file": "/home/abs/Downloads/HttpApp 3 2/HttpApp 3 2/app/build/intermediates/exploded-aar/com.android.support/appcompat-v7/23.2.1/res/values-ky-rKG/values-ky-rKG.xml",
                    "position": {
                        "startLine": 18,
                        "startColumn": 4,
                        "startOffset": 1678,
                        "endColumn": 100,
                        "endOffset": 1774
                    }
                }
            },
            {
                "to": {
                    "startLine": 19,
                    "startColumn": 4,
                    "startOffset": 1779,
                    "endColumn": 123,
                    "endOffset": 1898
                },
                "from": {
                    "file": "/home/abs/Downloads/HttpApp 3 2/HttpApp 3 2/app/build/intermediates/exploded-aar/com.android.support/appcompat-v7/23.2.1/res/values-ky-rKG/values-ky-rKG.xml",
                    "position": {
                        "startLine": 19,
                        "startColumn": 4,
                        "startOffset": 1779,
                        "endColumn": 123,
                        "endOffset": 1898
                    }
                }
            },
            {
                "to": {
                    "startLine": 20,
                    "startColumn": 4,
                    "startOffset": 1903,
                    "endColumn": 102,
                    "endOffset": 2001
                },
                "from": {
                    "file": "/home/abs/Downloads/HttpApp 3 2/HttpApp 3 2/app/build/intermediates/exploded-aar/com.android.support/appcompat-v7/23.2.1/res/values-ky-rKG/values-ky-rKG.xml",
                    "position": {
                        "startLine": 20,
                        "startColumn": 4,
                        "startOffset": 1903,
                        "endColumn": 102,
                        "endOffset": 2001
                    }
                }
            },
            {
                "to": {
                    "startLine": 21,
                    "startColumn": 4,
                    "startOffset": 2006,
                    "endColumn": 100,
                    "endOffset": 2102
                },
                "from": {
                    "file": "/home/abs/Downloads/HttpApp 3 2/HttpApp 3 2/app/build/intermediates/exploded-aar/com.android.support/appcompat-v7/23.2.1/res/values-ky-rKG/values-ky-rKG.xml",
                    "position": {
                        "startLine": 21,
                        "startColumn": 4,
                        "startOffset": 2006,
                        "endColumn": 100,
                        "endOffset": 2102
                    }
                }
            }
        ]
    },
    {
        "outputFile": "/Users/aishwaryagagadam/Desktop/HttpApp 3 2/app/build/intermediates/res/merged/debug/values-ky-rKG/values-ky-rKG.xml",
        "map": [
            {
                "to": {
                    "startLine": 2,
                    "startColumn": 4,
                    "startOffset": 55,
                    "endColumn": 103,
                    "endOffset": 154
                },
                "from": {
                    "file": "/Users/aishwaryagagadam/Desktop/HttpApp 3 2/app/build/intermediates/exploded-aar/com.android.support/appcompat-v7/23.2.1/res/values-ky-rKG/values-ky-rKG.xml",
                    "position": {
                        "startLine": 2,
                        "startColumn": 4,
                        "startOffset": 55,
                        "endColumn": 103,
                        "endOffset": 154
                    }
                }
            },
            {
                "to": {
                    "startLine": 3,
                    "startColumn": 4,
                    "startOffset": 159,
                    "endColumn": 107,
                    "endOffset": 262
                },
                "from": {
                    "file": "/Users/aishwaryagagadam/Desktop/HttpApp 3 2/app/build/intermediates/exploded-aar/com.android.support/appcompat-v7/23.2.1/res/values-ky-rKG/values-ky-rKG.xml",
                    "position": {
                        "startLine": 3,
                        "startColumn": 4,
                        "startOffset": 159,
                        "endColumn": 107,
                        "endOffset": 262
                    }
                }
            },
            {
                "to": {
                    "startLine": 4,
                    "startColumn": 4,
                    "startOffset": 267,
                    "endColumn": 122,
                    "endOffset": 385
                },
                "from": {
                    "file": "/Users/aishwaryagagadam/Desktop/HttpApp 3 2/app/build/intermediates/exploded-aar/com.android.support/appcompat-v7/23.2.1/res/values-ky-rKG/values-ky-rKG.xml",
                    "position": {
                        "startLine": 4,
                        "startColumn": 4,
                        "startOffset": 267,
                        "endColumn": 122,
                        "endOffset": 385
                    }
                }
            },
            {
                "to": {
                    "startLine": 5,
                    "startColumn": 4,
                    "startOffset": 390,
                    "endColumn": 94,
                    "endOffset": 480
                },
                "from": {
                    "file": "/Users/aishwaryagagadam/Desktop/HttpApp 3 2/app/build/intermediates/exploded-aar/com.android.support/appcompat-v7/23.2.1/res/values-ky-rKG/values-ky-rKG.xml",
                    "position": {
                        "startLine": 5,
                        "startColumn": 4,
                        "startOffset": 390,
                        "endColumn": 94,
                        "endOffset": 480
                    }
                }
            },
            {
                "to": {
                    "startLine": 6,
                    "startColumn": 4,
                    "startOffset": 485,
                    "endColumn": 118,
                    "endOffset": 599
                },
                "from": {
                    "file": "/Users/aishwaryagagadam/Desktop/HttpApp 3 2/app/build/intermediates/exploded-aar/com.android.support/appcompat-v7/23.2.1/res/values-ky-rKG/values-ky-rKG.xml",
                    "position": {
                        "startLine": 6,
                        "startColumn": 4,
                        "startOffset": 485,
                        "endColumn": 118,
                        "endOffset": 599
                    }
                }
            },
            {
                "to": {
                    "startLine": 7,
                    "startColumn": 4,
                    "startOffset": 604,
                    "endColumn": 83,
                    "endOffset": 683
                },
                "from": {
                    "file": "/Users/aishwaryagagadam/Desktop/HttpApp 3 2/app/build/intermediates/exploded-aar/com.android.support/appcompat-v7/23.2.1/res/values-ky-rKG/values-ky-rKG.xml",
                    "position": {
                        "startLine": 7,
                        "startColumn": 4,
                        "startOffset": 604,
                        "endColumn": 83,
                        "endOffset": 683
                    }
                }
            },
            {
                "to": {
                    "startLine": 8,
                    "startColumn": 4,
                    "startOffset": 688,
                    "endColumn": 106,
                    "endOffset": 790
                },
                "from": {
                    "file": "/Users/aishwaryagagadam/Desktop/HttpApp 3 2/app/build/intermediates/exploded-aar/com.android.support/appcompat-v7/23.2.1/res/values-ky-rKG/values-ky-rKG.xml",
                    "position": {
                        "startLine": 8,
                        "startColumn": 4,
                        "startOffset": 688,
                        "endColumn": 106,
                        "endOffset": 790
                    }
                }
            },
            {
                "to": {
                    "startLine": 9,
                    "startColumn": 4,
                    "startOffset": 795,
                    "endColumn": 116,
                    "endOffset": 907
                },
                "from": {
                    "file": "/Users/aishwaryagagadam/Desktop/HttpApp 3 2/app/build/intermediates/exploded-aar/com.android.support/appcompat-v7/23.2.1/res/values-ky-rKG/values-ky-rKG.xml",
                    "position": {
                        "startLine": 9,
                        "startColumn": 4,
                        "startOffset": 795,
                        "endColumn": 116,
                        "endOffset": 907
                    }
                }
            },
            {
                "to": {
                    "startLine": 10,
                    "startColumn": 4,
                    "startOffset": 912,
                    "endColumn": 77,
                    "endOffset": 985
                },
                "from": {
                    "file": "/Users/aishwaryagagadam/Desktop/HttpApp 3 2/app/build/intermediates/exploded-aar/com.android.support/appcompat-v7/23.2.1/res/values-ky-rKG/values-ky-rKG.xml",
                    "position": {
                        "startLine": 10,
                        "startColumn": 4,
                        "startOffset": 912,
                        "endColumn": 77,
                        "endOffset": 985
                    }
                }
            },
            {
                "to": {
                    "startLine": 11,
                    "startColumn": 4,
                    "startOffset": 990,
                    "endColumn": 78,
                    "endOffset": 1064
                },
                "from": {
                    "file": "/Users/aishwaryagagadam/Desktop/HttpApp 3 2/app/build/intermediates/exploded-aar/com.android.support/appcompat-v7/23.2.1/res/values-ky-rKG/values-ky-rKG.xml",
                    "position": {
                        "startLine": 11,
                        "startColumn": 4,
                        "startOffset": 990,
                        "endColumn": 78,
                        "endOffset": 1064
                    }
                }
            },
            {
                "to": {
                    "startLine": 12,
                    "startColumn": 4,
                    "startOffset": 1069,
                    "endColumn": 80,
                    "endOffset": 1145
                },
                "from": {
                    "file": "/Users/aishwaryagagadam/Desktop/HttpApp 3 2/app/build/intermediates/exploded-aar/com.android.support/appcompat-v7/23.2.1/res/values-ky-rKG/values-ky-rKG.xml",
                    "position": {
                        "startLine": 12,
                        "startColumn": 4,
                        "startOffset": 1069,
                        "endColumn": 80,
                        "endOffset": 1145
                    }
                }
            },
            {
                "to": {
                    "startLine": 13,
                    "startColumn": 4,
                    "startOffset": 1150,
                    "endColumn": 109,
                    "endOffset": 1255
                },
                "from": {
                    "file": "/Users/aishwaryagagadam/Desktop/HttpApp 3 2/app/build/intermediates/exploded-aar/com.android.support/appcompat-v7/23.2.1/res/values-ky-rKG/values-ky-rKG.xml",
                    "position": {
                        "startLine": 13,
                        "startColumn": 4,
                        "startOffset": 1150,
                        "endColumn": 109,
                        "endOffset": 1255
                    }
                }
            },
            {
                "to": {
                    "startLine": 14,
                    "startColumn": 4,
                    "startOffset": 1260,
                    "endColumn": 106,
                    "endOffset": 1362
                },
                "from": {
                    "file": "/Users/aishwaryagagadam/Desktop/HttpApp 3 2/app/build/intermediates/exploded-aar/com.android.support/appcompat-v7/23.2.1/res/values-ky-rKG/values-ky-rKG.xml",
                    "position": {
                        "startLine": 14,
                        "startColumn": 4,
                        "startOffset": 1260,
                        "endColumn": 106,
                        "endOffset": 1362
                    }
                }
            },
            {
                "to": {
                    "startLine": 15,
                    "startColumn": 4,
                    "startOffset": 1367,
                    "endColumn": 97,
                    "endOffset": 1460
                },
                "from": {
                    "file": "/Users/aishwaryagagadam/Desktop/HttpApp 3 2/app/build/intermediates/exploded-aar/com.android.support/appcompat-v7/23.2.1/res/values-ky-rKG/values-ky-rKG.xml",
                    "position": {
                        "startLine": 15,
                        "startColumn": 4,
                        "startOffset": 1367,
                        "endColumn": 97,
                        "endOffset": 1460
                    }
                }
            },
            {
                "to": {
                    "startLine": 16,
                    "startColumn": 4,
                    "startOffset": 1465,
                    "endColumn": 105,
                    "endOffset": 1566
                },
                "from": {
                    "file": "/Users/aishwaryagagadam/Desktop/HttpApp 3 2/app/build/intermediates/exploded-aar/com.android.support/appcompat-v7/23.2.1/res/values-ky-rKG/values-ky-rKG.xml",
                    "position": {
                        "startLine": 16,
                        "startColumn": 4,
                        "startOffset": 1465,
                        "endColumn": 105,
                        "endOffset": 1566
                    }
                }
            },
            {
                "to": {
                    "startLine": 17,
                    "startColumn": 4,
                    "startOffset": 1571,
                    "endColumn": 106,
                    "endOffset": 1673
                },
                "from": {
                    "file": "/Users/aishwaryagagadam/Desktop/HttpApp 3 2/app/build/intermediates/exploded-aar/com.android.support/appcompat-v7/23.2.1/res/values-ky-rKG/values-ky-rKG.xml",
                    "position": {
                        "startLine": 17,
                        "startColumn": 4,
                        "startOffset": 1571,
                        "endColumn": 106,
                        "endOffset": 1673
                    }
                }
            },
            {
                "to": {
                    "startLine": 18,
                    "startColumn": 4,
                    "startOffset": 1678,
                    "endColumn": 100,
                    "endOffset": 1774
                },
                "from": {
                    "file": "/Users/aishwaryagagadam/Desktop/HttpApp 3 2/app/build/intermediates/exploded-aar/com.android.support/appcompat-v7/23.2.1/res/values-ky-rKG/values-ky-rKG.xml",
                    "position": {
                        "startLine": 18,
                        "startColumn": 4,
                        "startOffset": 1678,
                        "endColumn": 100,
                        "endOffset": 1774
                    }
                }
            },
            {
                "to": {
                    "startLine": 19,
                    "startColumn": 4,
                    "startOffset": 1779,
                    "endColumn": 123,
                    "endOffset": 1898
                },
                "from": {
                    "file": "/Users/aishwaryagagadam/Desktop/HttpApp 3 2/app/build/intermediates/exploded-aar/com.android.support/appcompat-v7/23.2.1/res/values-ky-rKG/values-ky-rKG.xml",
                    "position": {
                        "startLine": 19,
                        "startColumn": 4,
                        "startOffset": 1779,
                        "endColumn": 123,
                        "endOffset": 1898
                    }
                }
            },
            {
                "to": {
                    "startLine": 20,
                    "startColumn": 4,
                    "startOffset": 1903,
                    "endColumn": 102,
                    "endOffset": 2001
                },
                "from": {
                    "file": "/Users/aishwaryagagadam/Desktop/HttpApp 3 2/app/build/intermediates/exploded-aar/com.android.support/appcompat-v7/23.2.1/res/values-ky-rKG/values-ky-rKG.xml",
                    "position": {
                        "startLine": 20,
                        "startColumn": 4,
                        "startOffset": 1903,
                        "endColumn": 102,
                        "endOffset": 2001
                    }
                }
            },
            {
                "to": {
                    "startLine": 21,
                    "startColumn": 4,
                    "startOffset": 2006,
                    "endColumn": 100,
                    "endOffset": 2102
                },
                "from": {
                    "file": "/Users/aishwaryagagadam/Desktop/HttpApp 3 2/app/build/intermediates/exploded-aar/com.android.support/appcompat-v7/23.2.1/res/values-ky-rKG/values-ky-rKG.xml",
                    "position": {
                        "startLine": 21,
                        "startColumn": 4,
                        "startOffset": 2006,
                        "endColumn": 100,
                        "endOffset": 2102
                    }
                }
            }
        ]
    },
    {
        "outputFile": "/Users/aishwaryagagadam/Desktop/HttpApp 3/app/build/intermediates/res/merged/debug/values-ky-rKG/values-ky-rKG.xml",
        "map": [
            {
                "to": {
                    "startLine": 2,
                    "startColumn": 4,
                    "startOffset": 55,
                    "endColumn": 103,
                    "endOffset": 154
                },
                "from": {
                    "file": "/Users/aishwaryagagadam/Desktop/HttpApp 3/app/build/intermediates/exploded-aar/com.android.support/appcompat-v7/23.2.1/res/values-ky-rKG/values-ky-rKG.xml",
                    "position": {
                        "startLine": 2,
                        "startColumn": 4,
                        "startOffset": 55,
                        "endColumn": 103,
                        "endOffset": 154
                    }
                }
            },
            {
                "to": {
                    "startLine": 3,
                    "startColumn": 4,
                    "startOffset": 159,
                    "endColumn": 107,
                    "endOffset": 262
                },
                "from": {
                    "file": "/Users/aishwaryagagadam/Desktop/HttpApp 3/app/build/intermediates/exploded-aar/com.android.support/appcompat-v7/23.2.1/res/values-ky-rKG/values-ky-rKG.xml",
                    "position": {
                        "startLine": 3,
                        "startColumn": 4,
                        "startOffset": 159,
                        "endColumn": 107,
                        "endOffset": 262
                    }
                }
            },
            {
                "to": {
                    "startLine": 4,
                    "startColumn": 4,
                    "startOffset": 267,
                    "endColumn": 122,
                    "endOffset": 385
                },
                "from": {
                    "file": "/Users/aishwaryagagadam/Desktop/HttpApp 3/app/build/intermediates/exploded-aar/com.android.support/appcompat-v7/23.2.1/res/values-ky-rKG/values-ky-rKG.xml",
                    "position": {
                        "startLine": 4,
                        "startColumn": 4,
                        "startOffset": 267,
                        "endColumn": 122,
                        "endOffset": 385
                    }
                }
            },
            {
                "to": {
                    "startLine": 5,
                    "startColumn": 4,
                    "startOffset": 390,
                    "endColumn": 94,
                    "endOffset": 480
                },
                "from": {
                    "file": "/Users/aishwaryagagadam/Desktop/HttpApp 3/app/build/intermediates/exploded-aar/com.android.support/appcompat-v7/23.2.1/res/values-ky-rKG/values-ky-rKG.xml",
                    "position": {
                        "startLine": 5,
                        "startColumn": 4,
                        "startOffset": 390,
                        "endColumn": 94,
                        "endOffset": 480
                    }
                }
            },
            {
                "to": {
                    "startLine": 6,
                    "startColumn": 4,
                    "startOffset": 485,
                    "endColumn": 118,
                    "endOffset": 599
                },
                "from": {
                    "file": "/Users/aishwaryagagadam/Desktop/HttpApp 3/app/build/intermediates/exploded-aar/com.android.support/appcompat-v7/23.2.1/res/values-ky-rKG/values-ky-rKG.xml",
                    "position": {
                        "startLine": 6,
                        "startColumn": 4,
                        "startOffset": 485,
                        "endColumn": 118,
                        "endOffset": 599
                    }
                }
            },
            {
                "to": {
                    "startLine": 7,
                    "startColumn": 4,
                    "startOffset": 604,
                    "endColumn": 83,
                    "endOffset": 683
                },
                "from": {
                    "file": "/Users/aishwaryagagadam/Desktop/HttpApp 3/app/build/intermediates/exploded-aar/com.android.support/appcompat-v7/23.2.1/res/values-ky-rKG/values-ky-rKG.xml",
                    "position": {
                        "startLine": 7,
                        "startColumn": 4,
                        "startOffset": 604,
                        "endColumn": 83,
                        "endOffset": 683
                    }
                }
            },
            {
                "to": {
                    "startLine": 8,
                    "startColumn": 4,
                    "startOffset": 688,
                    "endColumn": 106,
                    "endOffset": 790
                },
                "from": {
                    "file": "/Users/aishwaryagagadam/Desktop/HttpApp 3/app/build/intermediates/exploded-aar/com.android.support/appcompat-v7/23.2.1/res/values-ky-rKG/values-ky-rKG.xml",
                    "position": {
                        "startLine": 8,
                        "startColumn": 4,
                        "startOffset": 688,
                        "endColumn": 106,
                        "endOffset": 790
                    }
                }
            },
            {
                "to": {
                    "startLine": 9,
                    "startColumn": 4,
                    "startOffset": 795,
                    "endColumn": 116,
                    "endOffset": 907
                },
                "from": {
                    "file": "/Users/aishwaryagagadam/Desktop/HttpApp 3/app/build/intermediates/exploded-aar/com.android.support/appcompat-v7/23.2.1/res/values-ky-rKG/values-ky-rKG.xml",
                    "position": {
                        "startLine": 9,
                        "startColumn": 4,
                        "startOffset": 795,
                        "endColumn": 116,
                        "endOffset": 907
                    }
                }
            },
            {
                "to": {
                    "startLine": 10,
                    "startColumn": 4,
                    "startOffset": 912,
                    "endColumn": 77,
                    "endOffset": 985
                },
                "from": {
                    "file": "/Users/aishwaryagagadam/Desktop/HttpApp 3/app/build/intermediates/exploded-aar/com.android.support/appcompat-v7/23.2.1/res/values-ky-rKG/values-ky-rKG.xml",
                    "position": {
                        "startLine": 10,
                        "startColumn": 4,
                        "startOffset": 912,
                        "endColumn": 77,
                        "endOffset": 985
                    }
                }
            },
            {
                "to": {
                    "startLine": 11,
                    "startColumn": 4,
                    "startOffset": 990,
                    "endColumn": 78,
                    "endOffset": 1064
                },
                "from": {
                    "file": "/Users/aishwaryagagadam/Desktop/HttpApp 3/app/build/intermediates/exploded-aar/com.android.support/appcompat-v7/23.2.1/res/values-ky-rKG/values-ky-rKG.xml",
                    "position": {
                        "startLine": 11,
                        "startColumn": 4,
                        "startOffset": 990,
                        "endColumn": 78,
                        "endOffset": 1064
                    }
                }
            },
            {
                "to": {
                    "startLine": 12,
                    "startColumn": 4,
                    "startOffset": 1069,
                    "endColumn": 80,
                    "endOffset": 1145
                },
                "from": {
                    "file": "/Users/aishwaryagagadam/Desktop/HttpApp 3/app/build/intermediates/exploded-aar/com.android.support/appcompat-v7/23.2.1/res/values-ky-rKG/values-ky-rKG.xml",
                    "position": {
                        "startLine": 12,
                        "startColumn": 4,
                        "startOffset": 1069,
                        "endColumn": 80,
                        "endOffset": 1145
                    }
                }
            },
            {
                "to": {
                    "startLine": 13,
                    "startColumn": 4,
                    "startOffset": 1150,
                    "endColumn": 109,
                    "endOffset": 1255
                },
                "from": {
                    "file": "/Users/aishwaryagagadam/Desktop/HttpApp 3/app/build/intermediates/exploded-aar/com.android.support/appcompat-v7/23.2.1/res/values-ky-rKG/values-ky-rKG.xml",
                    "position": {
                        "startLine": 13,
                        "startColumn": 4,
                        "startOffset": 1150,
                        "endColumn": 109,
                        "endOffset": 1255
                    }
                }
            },
            {
                "to": {
                    "startLine": 14,
                    "startColumn": 4,
                    "startOffset": 1260,
                    "endColumn": 106,
                    "endOffset": 1362
                },
                "from": {
                    "file": "/Users/aishwaryagagadam/Desktop/HttpApp 3/app/build/intermediates/exploded-aar/com.android.support/appcompat-v7/23.2.1/res/values-ky-rKG/values-ky-rKG.xml",
                    "position": {
                        "startLine": 14,
                        "startColumn": 4,
                        "startOffset": 1260,
                        "endColumn": 106,
                        "endOffset": 1362
                    }
                }
            },
            {
                "to": {
                    "startLine": 15,
                    "startColumn": 4,
                    "startOffset": 1367,
                    "endColumn": 97,
                    "endOffset": 1460
                },
                "from": {
                    "file": "/Users/aishwaryagagadam/Desktop/HttpApp 3/app/build/intermediates/exploded-aar/com.android.support/appcompat-v7/23.2.1/res/values-ky-rKG/values-ky-rKG.xml",
                    "position": {
                        "startLine": 15,
                        "startColumn": 4,
                        "startOffset": 1367,
                        "endColumn": 97,
                        "endOffset": 1460
                    }
                }
            },
            {
                "to": {
                    "startLine": 16,
                    "startColumn": 4,
                    "startOffset": 1465,
                    "endColumn": 105,
                    "endOffset": 1566
                },
                "from": {
                    "file": "/Users/aishwaryagagadam/Desktop/HttpApp 3/app/build/intermediates/exploded-aar/com.android.support/appcompat-v7/23.2.1/res/values-ky-rKG/values-ky-rKG.xml",
                    "position": {
                        "startLine": 16,
                        "startColumn": 4,
                        "startOffset": 1465,
                        "endColumn": 105,
                        "endOffset": 1566
                    }
                }
            },
            {
                "to": {
                    "startLine": 17,
                    "startColumn": 4,
                    "startOffset": 1571,
                    "endColumn": 106,
                    "endOffset": 1673
                },
                "from": {
                    "file": "/Users/aishwaryagagadam/Desktop/HttpApp 3/app/build/intermediates/exploded-aar/com.android.support/appcompat-v7/23.2.1/res/values-ky-rKG/values-ky-rKG.xml",
                    "position": {
                        "startLine": 17,
                        "startColumn": 4,
                        "startOffset": 1571,
                        "endColumn": 106,
                        "endOffset": 1673
                    }
                }
            },
            {
                "to": {
                    "startLine": 18,
                    "startColumn": 4,
                    "startOffset": 1678,
                    "endColumn": 100,
                    "endOffset": 1774
                },
                "from": {
                    "file": "/Users/aishwaryagagadam/Desktop/HttpApp 3/app/build/intermediates/exploded-aar/com.android.support/appcompat-v7/23.2.1/res/values-ky-rKG/values-ky-rKG.xml",
                    "position": {
                        "startLine": 18,
                        "startColumn": 4,
                        "startOffset": 1678,
                        "endColumn": 100,
                        "endOffset": 1774
                    }
                }
            },
            {
                "to": {
                    "startLine": 19,
                    "startColumn": 4,
                    "startOffset": 1779,
                    "endColumn": 123,
                    "endOffset": 1898
                },
                "from": {
                    "file": "/Users/aishwaryagagadam/Desktop/HttpApp 3/app/build/intermediates/exploded-aar/com.android.support/appcompat-v7/23.2.1/res/values-ky-rKG/values-ky-rKG.xml",
                    "position": {
                        "startLine": 19,
                        "startColumn": 4,
                        "startOffset": 1779,
                        "endColumn": 123,
                        "endOffset": 1898
                    }
                }
            },
            {
                "to": {
                    "startLine": 20,
                    "startColumn": 4,
                    "startOffset": 1903,
                    "endColumn": 102,
                    "endOffset": 2001
                },
                "from": {
                    "file": "/Users/aishwaryagagadam/Desktop/HttpApp 3/app/build/intermediates/exploded-aar/com.android.support/appcompat-v7/23.2.1/res/values-ky-rKG/values-ky-rKG.xml",
                    "position": {
                        "startLine": 20,
                        "startColumn": 4,
                        "startOffset": 1903,
                        "endColumn": 102,
                        "endOffset": 2001
                    }
                }
            },
            {
                "to": {
                    "startLine": 21,
                    "startColumn": 4,
                    "startOffset": 2006,
                    "endColumn": 100,
                    "endOffset": 2102
                },
                "from": {
                    "file": "/Users/aishwaryagagadam/Desktop/HttpApp 3/app/build/intermediates/exploded-aar/com.android.support/appcompat-v7/23.2.1/res/values-ky-rKG/values-ky-rKG.xml",
                    "position": {
                        "startLine": 21,
                        "startColumn": 4,
                        "startOffset": 2006,
                        "endColumn": 100,
                        "endOffset": 2102
                    }
                }
            }
        ]
    },
    {
        "outputFile": "/Users/aishwaryagagadam/Desktop/HttpApp 3/C:\\Users\\ACER\\Desktop\\HttpApp (1)\\HttpApp\\HttpApp\\app\\build\\intermediates\\res\\merged\\debug\\values-ky-rKG\\values-ky-rKG.xml",
        "map": [
            {
                "to": {
                    "startLine": 2,
                    "startColumn": 4,
                    "startOffset": 55,
                    "endColumn": 103,
                    "endOffset": 154
                },
                "from": {
                    "file": "/Users/aishwaryagagadam/Desktop/HttpApp 3/C:\\Users\\ACER\\Desktop\\HttpApp (1)\\HttpApp\\HttpApp\\app\\build\\intermediates\\exploded-aar\\com.android.support\\appcompat-v7\\23.2.1\\res\\values-ky-rKG\\values-ky-rKG.xml",
                    "position": {
                        "startLine": 2,
                        "startColumn": 4,
                        "startOffset": 55,
                        "endColumn": 103,
                        "endOffset": 154
                    }
                }
            },
            {
                "to": {
                    "startLine": 3,
                    "startColumn": 4,
                    "startOffset": 159,
                    "endColumn": 107,
                    "endOffset": 262
                },
                "from": {
                    "file": "/Users/aishwaryagagadam/Desktop/HttpApp 3/C:\\Users\\ACER\\Desktop\\HttpApp (1)\\HttpApp\\HttpApp\\app\\build\\intermediates\\exploded-aar\\com.android.support\\appcompat-v7\\23.2.1\\res\\values-ky-rKG\\values-ky-rKG.xml",
                    "position": {
                        "startLine": 3,
                        "startColumn": 4,
                        "startOffset": 159,
                        "endColumn": 107,
                        "endOffset": 262
                    }
                }
            },
            {
                "to": {
                    "startLine": 4,
                    "startColumn": 4,
                    "startOffset": 267,
                    "endColumn": 122,
                    "endOffset": 385
                },
                "from": {
                    "file": "/Users/aishwaryagagadam/Desktop/HttpApp 3/C:\\Users\\ACER\\Desktop\\HttpApp (1)\\HttpApp\\HttpApp\\app\\build\\intermediates\\exploded-aar\\com.android.support\\appcompat-v7\\23.2.1\\res\\values-ky-rKG\\values-ky-rKG.xml",
                    "position": {
                        "startLine": 4,
                        "startColumn": 4,
                        "startOffset": 267,
                        "endColumn": 122,
                        "endOffset": 385
                    }
                }
            },
            {
                "to": {
                    "startLine": 5,
                    "startColumn": 4,
                    "startOffset": 390,
                    "endColumn": 94,
                    "endOffset": 480
                },
                "from": {
                    "file": "/Users/aishwaryagagadam/Desktop/HttpApp 3/C:\\Users\\ACER\\Desktop\\HttpApp (1)\\HttpApp\\HttpApp\\app\\build\\intermediates\\exploded-aar\\com.android.support\\appcompat-v7\\23.2.1\\res\\values-ky-rKG\\values-ky-rKG.xml",
                    "position": {
                        "startLine": 5,
                        "startColumn": 4,
                        "startOffset": 390,
                        "endColumn": 94,
                        "endOffset": 480
                    }
                }
            },
            {
                "to": {
                    "startLine": 6,
                    "startColumn": 4,
                    "startOffset": 485,
                    "endColumn": 118,
                    "endOffset": 599
                },
                "from": {
                    "file": "/Users/aishwaryagagadam/Desktop/HttpApp 3/C:\\Users\\ACER\\Desktop\\HttpApp (1)\\HttpApp\\HttpApp\\app\\build\\intermediates\\exploded-aar\\com.android.support\\appcompat-v7\\23.2.1\\res\\values-ky-rKG\\values-ky-rKG.xml",
                    "position": {
                        "startLine": 6,
                        "startColumn": 4,
                        "startOffset": 485,
                        "endColumn": 118,
                        "endOffset": 599
                    }
                }
            },
            {
                "to": {
                    "startLine": 7,
                    "startColumn": 4,
                    "startOffset": 604,
                    "endColumn": 83,
                    "endOffset": 683
                },
                "from": {
                    "file": "/Users/aishwaryagagadam/Desktop/HttpApp 3/C:\\Users\\ACER\\Desktop\\HttpApp (1)\\HttpApp\\HttpApp\\app\\build\\intermediates\\exploded-aar\\com.android.support\\appcompat-v7\\23.2.1\\res\\values-ky-rKG\\values-ky-rKG.xml",
                    "position": {
                        "startLine": 7,
                        "startColumn": 4,
                        "startOffset": 604,
                        "endColumn": 83,
                        "endOffset": 683
                    }
                }
            },
            {
                "to": {
                    "startLine": 8,
                    "startColumn": 4,
                    "startOffset": 688,
                    "endColumn": 106,
                    "endOffset": 790
                },
                "from": {
                    "file": "/Users/aishwaryagagadam/Desktop/HttpApp 3/C:\\Users\\ACER\\Desktop\\HttpApp (1)\\HttpApp\\HttpApp\\app\\build\\intermediates\\exploded-aar\\com.android.support\\appcompat-v7\\23.2.1\\res\\values-ky-rKG\\values-ky-rKG.xml",
                    "position": {
                        "startLine": 8,
                        "startColumn": 4,
                        "startOffset": 688,
                        "endColumn": 106,
                        "endOffset": 790
                    }
                }
            },
            {
                "to": {
                    "startLine": 9,
                    "startColumn": 4,
                    "startOffset": 795,
                    "endColumn": 116,
                    "endOffset": 907
                },
                "from": {
                    "file": "/Users/aishwaryagagadam/Desktop/HttpApp 3/C:\\Users\\ACER\\Desktop\\HttpApp (1)\\HttpApp\\HttpApp\\app\\build\\intermediates\\exploded-aar\\com.android.support\\appcompat-v7\\23.2.1\\res\\values-ky-rKG\\values-ky-rKG.xml",
                    "position": {
                        "startLine": 9,
                        "startColumn": 4,
                        "startOffset": 795,
                        "endColumn": 116,
                        "endOffset": 907
                    }
                }
            },
            {
                "to": {
                    "startLine": 10,
                    "startColumn": 4,
                    "startOffset": 912,
                    "endColumn": 77,
                    "endOffset": 985
                },
                "from": {
                    "file": "/Users/aishwaryagagadam/Desktop/HttpApp 3/C:\\Users\\ACER\\Desktop\\HttpApp (1)\\HttpApp\\HttpApp\\app\\build\\intermediates\\exploded-aar\\com.android.support\\appcompat-v7\\23.2.1\\res\\values-ky-rKG\\values-ky-rKG.xml",
                    "position": {
                        "startLine": 10,
                        "startColumn": 4,
                        "startOffset": 912,
                        "endColumn": 77,
                        "endOffset": 985
                    }
                }
            },
            {
                "to": {
                    "startLine": 11,
                    "startColumn": 4,
                    "startOffset": 990,
                    "endColumn": 78,
                    "endOffset": 1064
                },
                "from": {
                    "file": "/Users/aishwaryagagadam/Desktop/HttpApp 3/C:\\Users\\ACER\\Desktop\\HttpApp (1)\\HttpApp\\HttpApp\\app\\build\\intermediates\\exploded-aar\\com.android.support\\appcompat-v7\\23.2.1\\res\\values-ky-rKG\\values-ky-rKG.xml",
                    "position": {
                        "startLine": 11,
                        "startColumn": 4,
                        "startOffset": 990,
                        "endColumn": 78,
                        "endOffset": 1064
                    }
                }
            },
            {
                "to": {
                    "startLine": 12,
                    "startColumn": 4,
                    "startOffset": 1069,
                    "endColumn": 80,
                    "endOffset": 1145
                },
                "from": {
                    "file": "/Users/aishwaryagagadam/Desktop/HttpApp 3/C:\\Users\\ACER\\Desktop\\HttpApp (1)\\HttpApp\\HttpApp\\app\\build\\intermediates\\exploded-aar\\com.android.support\\appcompat-v7\\23.2.1\\res\\values-ky-rKG\\values-ky-rKG.xml",
                    "position": {
                        "startLine": 12,
                        "startColumn": 4,
                        "startOffset": 1069,
                        "endColumn": 80,
                        "endOffset": 1145
                    }
                }
            },
            {
                "to": {
                    "startLine": 13,
                    "startColumn": 4,
                    "startOffset": 1150,
                    "endColumn": 109,
                    "endOffset": 1255
                },
                "from": {
                    "file": "/Users/aishwaryagagadam/Desktop/HttpApp 3/C:\\Users\\ACER\\Desktop\\HttpApp (1)\\HttpApp\\HttpApp\\app\\build\\intermediates\\exploded-aar\\com.android.support\\appcompat-v7\\23.2.1\\res\\values-ky-rKG\\values-ky-rKG.xml",
                    "position": {
                        "startLine": 13,
                        "startColumn": 4,
                        "startOffset": 1150,
                        "endColumn": 109,
                        "endOffset": 1255
                    }
                }
            },
            {
                "to": {
                    "startLine": 14,
                    "startColumn": 4,
                    "startOffset": 1260,
                    "endColumn": 106,
                    "endOffset": 1362
                },
                "from": {
                    "file": "/Users/aishwaryagagadam/Desktop/HttpApp 3/C:\\Users\\ACER\\Desktop\\HttpApp (1)\\HttpApp\\HttpApp\\app\\build\\intermediates\\exploded-aar\\com.android.support\\appcompat-v7\\23.2.1\\res\\values-ky-rKG\\values-ky-rKG.xml",
                    "position": {
                        "startLine": 14,
                        "startColumn": 4,
                        "startOffset": 1260,
                        "endColumn": 106,
                        "endOffset": 1362
                    }
                }
            },
            {
                "to": {
                    "startLine": 15,
                    "startColumn": 4,
                    "startOffset": 1367,
                    "endColumn": 97,
                    "endOffset": 1460
                },
                "from": {
                    "file": "/Users/aishwaryagagadam/Desktop/HttpApp 3/C:\\Users\\ACER\\Desktop\\HttpApp (1)\\HttpApp\\HttpApp\\app\\build\\intermediates\\exploded-aar\\com.android.support\\appcompat-v7\\23.2.1\\res\\values-ky-rKG\\values-ky-rKG.xml",
                    "position": {
                        "startLine": 15,
                        "startColumn": 4,
                        "startOffset": 1367,
                        "endColumn": 97,
                        "endOffset": 1460
                    }
                }
            },
            {
                "to": {
                    "startLine": 16,
                    "startColumn": 4,
                    "startOffset": 1465,
                    "endColumn": 105,
                    "endOffset": 1566
                },
                "from": {
                    "file": "/Users/aishwaryagagadam/Desktop/HttpApp 3/C:\\Users\\ACER\\Desktop\\HttpApp (1)\\HttpApp\\HttpApp\\app\\build\\intermediates\\exploded-aar\\com.android.support\\appcompat-v7\\23.2.1\\res\\values-ky-rKG\\values-ky-rKG.xml",
                    "position": {
                        "startLine": 16,
                        "startColumn": 4,
                        "startOffset": 1465,
                        "endColumn": 105,
                        "endOffset": 1566
                    }
                }
            },
            {
                "to": {
                    "startLine": 17,
                    "startColumn": 4,
                    "startOffset": 1571,
                    "endColumn": 106,
                    "endOffset": 1673
                },
                "from": {
                    "file": "/Users/aishwaryagagadam/Desktop/HttpApp 3/C:\\Users\\ACER\\Desktop\\HttpApp (1)\\HttpApp\\HttpApp\\app\\build\\intermediates\\exploded-aar\\com.android.support\\appcompat-v7\\23.2.1\\res\\values-ky-rKG\\values-ky-rKG.xml",
                    "position": {
                        "startLine": 17,
                        "startColumn": 4,
                        "startOffset": 1571,
                        "endColumn": 106,
                        "endOffset": 1673
                    }
                }
            },
            {
                "to": {
                    "startLine": 18,
                    "startColumn": 4,
                    "startOffset": 1678,
                    "endColumn": 100,
                    "endOffset": 1774
                },
                "from": {
                    "file": "/Users/aishwaryagagadam/Desktop/HttpApp 3/C:\\Users\\ACER\\Desktop\\HttpApp (1)\\HttpApp\\HttpApp\\app\\build\\intermediates\\exploded-aar\\com.android.support\\appcompat-v7\\23.2.1\\res\\values-ky-rKG\\values-ky-rKG.xml",
                    "position": {
                        "startLine": 18,
                        "startColumn": 4,
                        "startOffset": 1678,
                        "endColumn": 100,
                        "endOffset": 1774
                    }
                }
            },
            {
                "to": {
                    "startLine": 19,
                    "startColumn": 4,
                    "startOffset": 1779,
                    "endColumn": 123,
                    "endOffset": 1898
                },
                "from": {
                    "file": "/Users/aishwaryagagadam/Desktop/HttpApp 3/C:\\Users\\ACER\\Desktop\\HttpApp (1)\\HttpApp\\HttpApp\\app\\build\\intermediates\\exploded-aar\\com.android.support\\appcompat-v7\\23.2.1\\res\\values-ky-rKG\\values-ky-rKG.xml",
                    "position": {
                        "startLine": 19,
                        "startColumn": 4,
                        "startOffset": 1779,
                        "endColumn": 123,
                        "endOffset": 1898
                    }
                }
            },
            {
                "to": {
                    "startLine": 20,
                    "startColumn": 4,
                    "startOffset": 1903,
                    "endColumn": 102,
                    "endOffset": 2001
                },
                "from": {
                    "file": "/Users/aishwaryagagadam/Desktop/HttpApp 3/C:\\Users\\ACER\\Desktop\\HttpApp (1)\\HttpApp\\HttpApp\\app\\build\\intermediates\\exploded-aar\\com.android.support\\appcompat-v7\\23.2.1\\res\\values-ky-rKG\\values-ky-rKG.xml",
                    "position": {
                        "startLine": 20,
                        "startColumn": 4,
                        "startOffset": 1903,
                        "endColumn": 102,
                        "endOffset": 2001
                    }
                }
            },
            {
                "to": {
                    "startLine": 21,
                    "startColumn": 4,
                    "startOffset": 2006,
                    "endColumn": 100,
                    "endOffset": 2102
                },
                "from": {
                    "file": "/Users/aishwaryagagadam/Desktop/HttpApp 3/C:\\Users\\ACER\\Desktop\\HttpApp (1)\\HttpApp\\HttpApp\\app\\build\\intermediates\\exploded-aar\\com.android.support\\appcompat-v7\\23.2.1\\res\\values-ky-rKG\\values-ky-rKG.xml",
                    "position": {
                        "startLine": 21,
                        "startColumn": 4,
                        "startOffset": 2006,
                        "endColumn": 100,
                        "endOffset": 2102
                    }
                }
            }
        ]
    }
]