<?xml version="1.0" encoding="utf-8"?>
<merger version="3"><dataSet config="1.0.0"><source path="/home/abs/Downloads/HttpApp 3 2/HttpApp 3 2/app/build/intermediates/exploded-aar/com.android.volley/volley/1.0.0/assets"/></dataSet><dataSet config="23.2.1"><source path="/home/abs/Downloads/HttpApp 3 2/HttpApp 3 2/app/build/intermediates/exploded-aar/com.android.support/support-v4/23.2.1/assets"/></dataSet><dataSet config="23.2.1"><source path="/home/abs/Downloads/HttpApp 3 2/HttpApp 3 2/app/build/intermediates/exploded-aar/com.android.support/recyclerview-v7/23.2.1/assets"/></dataSet><dataSet config="23.2.1"><source path="/home/abs/Downloads/HttpApp 3 2/HttpApp 3 2/app/build/intermediates/exploded-aar/com.android.support/support-vector-drawable/23.2.1/assets"/></dataSet><dataSet config="23.2.1"><source path="/home/abs/Downloads/HttpApp 3 2/HttpApp 3 2/app/build/intermediates/exploded-aar/com.android.support/animated-vector-drawable/23.2.1/assets"/></dataSet><dataSet config="23.2.1"><source path="/home/abs/Downloads/HttpApp 3 2/HttpApp 3 2/app/build/intermediates/exploded-aar/com.android.support/appcompat-v7/23.2.1/assets"/></dataSet><dataSet config="23.2.1"><source path="/home/abs/Downloads/HttpApp 3 2/HttpApp 3 2/app/build/intermediates/exploded-aar/com.android.support/design/23.2.1/assets"/></dataSet><dataSet config="main"><source path="/home/abs/Downloads/HttpApp 3 2/HttpApp 3 2/app/src/main/assets"/></dataSet><dataSet config="debug"><source path="/home/abs/Downloads/HttpApp 3 2/HttpApp 3 2/app/src/debug/assets"/></dataSet></merger>